GameSno,Year,KindCode,GameDate,FieldAbbe,VisitingTeamName,HomeTeamName,VisitingTotalScore,HomeTotalScore,GameStatus,GameDuringTime,AudienceCntBackend,WinningPitcherName,LosePitcherName,CloserPitcherName,HeadUmpire,Weather,DayNight
1,2025,A,2025-03-29,大巨蛋,統一7-ELEVEn獅,中信兄弟,8,0,3,025000,,,,,,03,N
2,2025,A,2025-06-28,樂天桃園,味全龍,樂天桃猿,7,5,3,035000,,,,,,02,N
5,2025,A,2025-04-02,天母,台鋼雄鷹,味全龍,0,1,3,022500,,,,,,01,N
6,2025,A,2025-04-02,天母,台鋼雄鷹,味全龍,0,1,3,022500,,,,,,01,N
7,2025,A,2025-04-02,天母,台鋼雄鷹,味全龍,0,1,3,022500,,,,,,01,N
8,2025,A,2025-04-03,台南,樂天桃猿,統一7-ELEVEn獅,2,5,3,024200,,,,,,01,D
9,2025,A,2025-04-03,台南,樂天桃猿,統一7-ELEVEn獅,2,5,3,024200,,,,,,01,D
10,2025,A,2025-04-03,台南,樂天桃猿,統一7-ELEVEn獅,2,5,3,024200,,,,,,01,D
11,2025,A,2025-04-04,澄清湖,樂天桃猿,台鋼雄鷹,3,4,3,024900,,,,,,01,D
12,2025,A,2025-04-04,澄清湖,樂天桃猿,台鋼雄鷹,3,4,3,024900,,,,,,01,D
13,2025,A,2025-04-04,澄清湖,樂天桃猿,台鋼雄鷹,3,4,3,024900,,,,,,01,D
14,2025,A,2025-04-05,澄清湖,樂天桃猿,台鋼雄鷹,2,4,3,022700,,,,,,01,D
15,2025,A,2025-04-05,澄清湖,樂天桃猿,台鋼雄鷹,2,4,3,022700,,,,,,01,D
16,2025,A,2025-04-05,澄清湖,樂天桃猿,台鋼雄鷹,2,4,3,022700,,,,,,01,D
17,2025,A,2025-04-06,天母,富邦悍將,味全龍,0,7,3,024700,,,,,,02,D
18,2025,A,2025-04-06,天母,富邦悍將,味全龍,0,7,3,024700,,,,,,02,D
19,2025,A,2025-04-06,天母,富邦悍將,味全龍,0,7,3,024700,,,,,,02,D
20,2025,A,2025-04-08,樂天桃園,富邦悍將,樂天桃猿,3,6,3,024800,,,,,,01,N
21,2025,A,2025-04-08,樂天桃園,富邦悍將,樂天桃猿,3,6,3,024800,,,,,,01,N
22,2025,A,2025-04-09,樂天桃園,富邦悍將,樂天桃猿,2,8,3,030800,,,,,,01,N
23,2025,A,2025-04-09,樂天桃園,富邦悍將,樂天桃猿,2,8,3,030800,,,,,,01,N
24,2025,A,2025-04-09,樂天桃園,富邦悍將,樂天桃猿,2,8,3,030800,,,,,,01,N
25,2025,A,2025-04-10,洲際,味全龍,中信兄弟,1,4,3,023500,,,,,,01,N
26,2025,A,2025-04-11,樂天桃園,中信兄弟,樂天桃猿,15,4,3,031800,,,,,,01,N
27,2025,A,2025-04-11,樂天桃園,中信兄弟,樂天桃猿,15,4,3,031800,,,,,,01,N
28,2025,A,2025-04-11,樂天桃園,中信兄弟,樂天桃猿,15,4,3,031800,,,,,,01,N
29,2025,A,2025-04-12,大巨蛋,味全龍,統一7-ELEVEn獅,1,5,3,025000,,,,,,01,D
30,2025,A,2025-04-12,大巨蛋,味全龍,統一7-ELEVEn獅,1,5,3,025000,,,,,,01,D
31,2025,A,2025-04-12,大巨蛋,味全龍,統一7-ELEVEn獅,1,5,3,025000,,,,,,01,D
32,2025,A,2025-04-13,樂天桃園,中信兄弟,樂天桃猿,2,4,3,031200,,,,,,02,D
33,2025,A,2025-04-13,樂天桃園,中信兄弟,樂天桃猿,2,4,3,031200,,,,,,02,D
34,2025,A,2025-04-13,樂天桃園,中信兄弟,樂天桃猿,2,4,3,031200,,,,,,02,D
35,2025,A,2025-04-15,洲際,台鋼雄鷹,中信兄弟,4,3,3,024600,,,,,,01,N
36,2025,A,2025-04-15,洲際,台鋼雄鷹,中信兄弟,4,3,3,024600,,,,,,01,N
37,2025,A,2025-04-16,洲際,台鋼雄鷹,中信兄弟,0,3,3,023100,,,,,,01,N
38,2025,A,2025-04-16,洲際,台鋼雄鷹,中信兄弟,0,3,3,023100,,,,,,01,N
39,2025,A,2025-04-16,洲際,台鋼雄鷹,中信兄弟,0,3,3,023100,,,,,,01,N
40,2025,A,2025-04-17,台南,富邦悍將,統一7-ELEVEn獅,0,6,3,023300,,,,,,01,N
41,2025,A,2025-04-18,大巨蛋,富邦悍將,中信兄弟,0,3,3,022400,,,,,,02,N
42,2025,A,2025-04-18,大巨蛋,富邦悍將,中信兄弟,0,3,3,022400,,,,,,02,N
43,2025,A,2025-04-18,大巨蛋,富邦悍將,中信兄弟,0,3,3,022400,,,,,,02,N
44,2025,A,2025-04-19,澄清湖,味全龍,台鋼雄鷹,1,3,3,022600,,,,,,01,D
45,2025,A,2025-04-19,澄清湖,味全龍,台鋼雄鷹,1,3,3,022600,,,,,,01,D
46,2025,A,2025-04-19,澄清湖,味全龍,台鋼雄鷹,1,3,3,022600,,,,,,01,D
47,2025,A,2025-06-29,樂天桃園,統一7-ELEVEn獅,樂天桃猿,4,1,3,025400,,,,,,02,N
48,2025,A,2025-04-20,大巨蛋,富邦悍將,中信兄弟,1,0,3,024900,,,,,,01,D
49,2025,A,2025-04-20,大巨蛋,富邦悍將,中信兄弟,1,0,3,024900,,,,,,01,D
50,2025,A,2025-04-22,新莊,味全龍,富邦悍將,2,5,3,025900,,,,,,01,N
51,2025,A,2025-04-22,新莊,味全龍,富邦悍將,2,5,3,025900,,,,,,01,N
52,2025,A,2025-04-23,新莊,味全龍,富邦悍將,6,1,3,032400,,,,,,03,N
53,2025,A,2025-04-23,新莊,味全龍,富邦悍將,6,1,3,032400,,,,,,03,N
54,2025,A,2025-04-23,新莊,味全龍,富邦悍將,6,1,3,032400,,,,,,03,N
55,2025,A,2025-04-24,大巨蛋,台鋼雄鷹,樂天桃猿,4,1,3,030700,,,,,,03,N
56,2025,A,2025-06-25,新莊,樂天桃猿,富邦悍將,0,2,3,024300,,,,,,02,N
59,2025,A,2025-04-26,台南,台鋼雄鷹,統一7-ELEVEn獅,6,2,3,024900,,,,,,01,D
60,2025,A,2025-04-26,台南,台鋼雄鷹,統一7-ELEVEn獅,6,2,3,024900,,,,,,01,D
61,2025,A,2025-04-26,台南,台鋼雄鷹,統一7-ELEVEn獅,6,2,3,024900,,,,,,01,D
62,2025,A,2025-04-27,大巨蛋,中信兄弟,味全龍,1,2,3,024300,,,,,,01,D
63,2025,A,2025-04-27,大巨蛋,中信兄弟,味全龍,1,2,3,024300,,,,,,01,D
64,2025,A,2025-04-27,大巨蛋,中信兄弟,味全龍,1,2,3,024300,,,,,,01,D
65,2025,A,2025-04-29,澄清湖,富邦悍將,台鋼雄鷹,4,7,3,025800,,,,,,01,N
66,2025,A,2025-04-29,澄清湖,富邦悍將,台鋼雄鷹,4,7,3,025800,,,,,,01,N
67,2025,A,2025-04-30,澄清湖,富邦悍將,台鋼雄鷹,7,0,3,031200,,,,,,01,N
68,2025,A,2025-04-30,澄清湖,富邦悍將,台鋼雄鷹,7,0,3,031200,,,,,,01,N
69,2025,A,2025-04-30,澄清湖,富邦悍將,台鋼雄鷹,7,0,3,031200,,,,,,01,N
70,2025,A,2025-05-01,天母,統一7-ELEVEn獅,味全龍,8,5,3,030000,,,,,,01,N
71,2025,A,2025-05-02,嘉義市,中信兄弟,台鋼雄鷹,3,4,3,022500,,,,,,01,N
72,2025,A,2025-05-02,嘉義市,中信兄弟,台鋼雄鷹,3,4,3,022500,,,,,,01,N
73,2025,A,2025-05-02,嘉義市,中信兄弟,台鋼雄鷹,3,4,3,022500,,,,,,01,N
74,2025,A,2025-05-03,澄清湖,中信兄弟,台鋼雄鷹,1,2,3,022300,,,,,,01,D
75,2025,A,2025-05-03,澄清湖,中信兄弟,台鋼雄鷹,1,2,3,022300,,,,,,01,D
76,2025,A,2025-05-03,澄清湖,中信兄弟,台鋼雄鷹,1,2,3,022300,,,,,,01,D
77,2025,A,2025-05-04,澄清湖,中信兄弟,台鋼雄鷹,9,6,3,030000,,,,,,01,D
78,2025,A,2025-05-04,澄清湖,中信兄弟,台鋼雄鷹,9,6,3,030000,,,,,,01,D
79,2025,A,2025-05-04,澄清湖,中信兄弟,台鋼雄鷹,9,6,3,030000,,,,,,01,D
80,2025,A,2025-05-06,澄清湖,味全龍,台鋼雄鷹,2,6,3,025700,,,,,,01,N
81,2025,A,2025-05-06,澄清湖,味全龍,台鋼雄鷹,2,6,3,025700,,,,,,01,N
82,2025,A,2025-05-07,洲際,統一7-ELEVEn獅,中信兄弟,4,7,3,025400,,,,,,03,N
83,2025,A,2025-05-07,洲際,統一7-ELEVEn獅,中信兄弟,4,7,3,025400,,,,,,03,N
84,2025,A,2025-06-26,新莊,樂天桃猿,富邦悍將,4,5,3,032400,,,,,,01,N
85,2025,A,2025-05-09,洲際,台鋼雄鷹,中信兄弟,6,2,3,031200,,,,,,03,N
86,2025,A,2025-05-09,洲際,台鋼雄鷹,中信兄弟,6,2,3,031200,,,,,,03,N
87,2025,A,2025-05-09,洲際,台鋼雄鷹,中信兄弟,6,2,3,031200,,,,,,03,N
88,2025,A,2025-05-10,花蓮,富邦悍將,統一7-ELEVEn獅,2,15,3,031400,,,,,,03,D
89,2025,A,2025-06-28,樂天桃園,味全龍,樂天桃猿,7,5,3,035000,,,,,,02,N
90,2025,A,2025-05-10,花蓮,富邦悍將,統一7-ELEVEn獅,2,15,3,031400,,,,,,03,D
91,2025,A,2025-06-24,天母,樂天桃猿,味全龍,11,3,3,031900,,,,,,01,N
92,2025,A,2025-06-28,樂天桃園,味全龍,樂天桃猿,7,5,3,035000,,,,,,02,N
93,2025,A,2025-06-29,樂天桃園,統一7-ELEVEn獅,樂天桃猿,4,1,3,025400,,,,,,02,N
94,2025,A,2025-05-13,新莊,台鋼雄鷹,富邦悍將,3,5,3,025200,,,,,,01,N
95,2025,A,2025-05-13,新莊,台鋼雄鷹,富邦悍將,3,5,3,025200,,,,,,01,N
96,2025,A,2025-05-14,新莊,台鋼雄鷹,富邦悍將,6,4,3,033300,,,,,,01,N
97,2025,A,2025-05-14,新莊,台鋼雄鷹,富邦悍將,6,4,3,033300,,,,,,01,N
98,2025,A,2025-05-14,新莊,台鋼雄鷹,富邦悍將,6,4,3,033300,,,,,,01,N
99,2025,A,2025-05-15,樂天桃園,統一7-ELEVEn獅,樂天桃猿,1,4,3,023800,,,,,,01,N
100,2025,A,2025-05-16,新莊,味全龍,富邦悍將,1,5,3,022700,,,,,,01,N
101,2025,A,2025-05-16,新莊,味全龍,富邦悍將,1,5,3,022700,,,,,,01,N
102,2025,A,2025-05-16,新莊,味全龍,富邦悍將,1,5,3,022700,,,,,,01,N
103,2025,A,2025-05-17,澄清湖,統一7-ELEVEn獅,台鋼雄鷹,8,7,3,033000,,,,,,01,D
104,2025,A,2025-05-17,澄清湖,統一7-ELEVEn獅,台鋼雄鷹,8,7,3,033000,,,,,,01,D
105,2025,A,2025-05-17,澄清湖,統一7-ELEVEn獅,台鋼雄鷹,8,7,3,033000,,,,,,01,D
106,2025,A,2025-05-18,澄清湖,統一7-ELEVEn獅,台鋼雄鷹,6,3,3,032600,,,,,,01,D
107,2025,A,2025-06-29,樂天桃園,統一7-ELEVEn獅,樂天桃猿,4,1,3,025400,,,,,,02,N
108,2025,A,2025-05-18,澄清湖,統一7-ELEVEn獅,台鋼雄鷹,6,3,3,032600,,,,,,01,D
109,2025,A,2025-05-20,台南,味全龍,統一7-ELEVEn獅,3,1,3,032300,,,,,,01,N
110,2025,A,2025-05-20,台南,味全龍,統一7-ELEVEn獅,3,1,3,032300,,,,,,01,N
111,2025,A,2025-05-21,台南,味全龍,統一7-ELEVEn獅,1,3,3,023800,,,,,,01,N
112,2025,A,2025-05-21,台南,味全龍,統一7-ELEVEn獅,1,3,3,023800,,,,,,01,N
113,2025,A,2025-05-22,洲際,富邦悍將,中信兄弟,3,9,3,030600,,,,,,01,N
114,2025,A,2025-05-23,台南,中信兄弟,統一7-ELEVEn獅,4,1,3,025100,,,,,,01,N
115,2025,A,2025-05-23,台南,中信兄弟,統一7-ELEVEn獅,4,1,3,025100,,,,,,01,N
116,2025,A,2025-05-23,台南,中信兄弟,統一7-ELEVEn獅,4,1,3,025100,,,,,,01,N
117,2025,A,2025-05-24,台南,中信兄弟,統一7-ELEVEn獅,7,4,3,032600,,,,,,01,D
118,2025,A,2025-05-24,台南,中信兄弟,統一7-ELEVEn獅,7,4,3,032600,,,,,,01,D
119,2025,A,2025-05-24,台南,中信兄弟,統一7-ELEVEn獅,7,4,3,032600,,,,,,01,D
120,2025,A,2025-05-25,大巨蛋,台鋼雄鷹,味全龍,6,2,3,032000,,,,,,03,D
121,2025,A,2025-05-25,大巨蛋,台鋼雄鷹,味全龍,6,2,3,032000,,,,,,03,D
122,2025,A,2025-05-25,大巨蛋,台鋼雄鷹,味全龍,6,2,3,032000,,,,,,03,D
123,2025,A,2025-05-27,澄清湖,中信兄弟,台鋼雄鷹,4,3,3,030700,,,,,,01,N
124,2025,A,2025-05-27,澄清湖,中信兄弟,台鋼雄鷹,4,3,3,030700,,,,,,01,N
125,2025,A,2025-05-28,澄清湖,中信兄弟,台鋼雄鷹,2,3,3,023700,,,,,,03,N
126,2025,A,2025-06-24,天母,樂天桃猿,味全龍,11,3,3,031900,,,,,,01,N
127,2025,A,2025-05-28,澄清湖,中信兄弟,台鋼雄鷹,2,3,3,023700,,,,,,03,N
128,2025,A,2025-05-30,澄清湖,富邦悍將,台鋼雄鷹,9,5,3,034500,,,,,,01,D
129,2025,A,2025-05-30,澄清湖,富邦悍將,台鋼雄鷹,9,5,3,034500,,,,,,01,D
130,2025,A,2025-05-30,澄清湖,富邦悍將,台鋼雄鷹,9,5,3,034500,,,,,,01,D
131,2025,A,2025-05-31,澄清湖,富邦悍將,台鋼雄鷹,0,14,3,033000,,,,,,01,D
132,2025,A,2025-05-31,澄清湖,富邦悍將,台鋼雄鷹,0,14,3,033000,,,,,,01,D
133,2025,A,2025-05-31,澄清湖,富邦悍將,台鋼雄鷹,0,14,3,033000,,,,,,01,D
134,2025,A,2025-06-01,澄清湖,富邦悍將,台鋼雄鷹,4,5,3,032000,,,,,,03,D
135,2025,A,2025-06-01,澄清湖,富邦悍將,台鋼雄鷹,4,5,3,032000,,,,,,03,D
136,2025,A,2025-06-01,澄清湖,富邦悍將,台鋼雄鷹,4,5,3,032000,,,,,,03,D
137,2025,A,2025-06-03,花蓮,富邦悍將,味全龍,0,5,3,030800,,,,,,03,N
138,2025,A,2025-06-27,樂天桃園,中信兄弟,樂天桃猿,2,1,3,023700,,,,,,01,N
139,2025,A,2025-06-27,樂天桃園,中信兄弟,樂天桃猿,2,1,3,023700,,,,,,01,N
141,2025,A,2025-06-27,樂天桃園,中信兄弟,樂天桃猿,2,1,3,023700,,,,,,01,N
142,2025,A,2025-06-06,天母,統一7-ELEVEn獅,味全龍,7,4,3,023200,,,,,,02,N
143,2025,A,2025-06-06,天母,統一7-ELEVEn獅,味全龍,7,4,3,023200,,,,,,02,N
144,2025,A,2025-06-06,天母,統一7-ELEVEn獅,味全龍,7,4,3,023200,,,,,,02,N
145,2025,A,2025-06-07,天母,統一7-ELEVEn獅,味全龍,3,2,3,024100,,,,,,02,N
146,2025,A,2025-06-07,天母,統一7-ELEVEn獅,味全龍,3,2,3,024100,,,,,,02,N
147,2025,A,2025-06-07,天母,統一7-ELEVEn獅,味全龍,3,2,3,024100,,,,,,02,N
148,2025,A,2025-06-08,天母,統一7-ELEVEn獅,味全龍,6,4,3,025800,,,,,,01,N
149,2025,A,2025-06-08,天母,統一7-ELEVEn獅,味全龍,6,4,3,025800,,,,,,01,N
150,2025,A,2025-06-08,天母,統一7-ELEVEn獅,味全龍,6,4,3,025800,,,,,,01,N
151,2025,A,2025-06-10,洲際,台鋼雄鷹,中信兄弟,10,7,3,034400,,,,,,01,N
152,2025,A,2025-06-10,洲際,台鋼雄鷹,中信兄弟,10,7,3,034400,,,,,,01,N
153,2025,A,2025-06-10,洲際,台鋼雄鷹,中信兄弟,10,7,3,034400,,,,,,01,N
154,2025,A,2025-06-12,洲際,樂天桃猿,中信兄弟,1,4,3,024100,,,,,,03,N
155,2025,A,2025-06-12,洲際,樂天桃猿,中信兄弟,1,4,3,024100,,,,,,03,N
156,2025,A,2025-06-12,洲際,樂天桃猿,中信兄弟,1,4,3,024100,,,,,,03,N
157,2025,A,2025-06-18,洲際,樂天桃猿,中信兄弟,4,2,3,032900,,,,,,01,N
159,2025,A,2025-06-26,新莊,樂天桃猿,富邦悍將,4,5,3,032400,,,,,,01,N
160,2025,A,2025-06-14,台南,中信兄弟,統一7-ELEVEn獅,8,6,3,033500,,,,,,01,D
161,2025,A,2025-06-14,台南,中信兄弟,統一7-ELEVEn獅,8,6,3,033500,,,,,,01,D
162,2025,A,2025-06-14,台南,中信兄弟,統一7-ELEVEn獅,8,6,3,033500,,,,,,01,D
163,2025,A,2025-06-15,澄清湖,味全龍,台鋼雄鷹,6,1,3,025500,,,,,,01,D
164,2025,A,2025-06-15,澄清湖,味全龍,台鋼雄鷹,6,1,3,025500,,,,,,01,D
165,2025,A,2025-06-15,澄清湖,味全龍,台鋼雄鷹,6,1,3,025500,,,,,,01,D
166,2025,A,2025-06-17,澄清湖,中信兄弟,台鋼雄鷹,6,7,3,032100,,,,,,01,N
167,2025,A,2025-06-17,澄清湖,中信兄弟,台鋼雄鷹,6,7,3,032100,,,,,,01,N
168,2025,A,2025-06-17,澄清湖,中信兄弟,台鋼雄鷹,6,7,3,032100,,,,,,01,N
169,2025,A,2025-06-19,澄清湖,富邦悍將,台鋼雄鷹,2,5,3,030000,,,,,,02,N
170,2025,A,2025-06-19,澄清湖,富邦悍將,台鋼雄鷹,2,5,3,030000,,,,,,02,N
171,2025,A,2025-06-19,澄清湖,富邦悍將,台鋼雄鷹,2,5,3,030000,,,,,,02,N
172,2025,A,2025-06-20,澄清湖,富邦悍將,台鋼雄鷹,4,3,3,024900,,,,,,01,N
173,2025,A,2025-06-20,澄清湖,富邦悍將,台鋼雄鷹,4,3,3,024900,,,,,,01,N
174,2025,A,2025-06-20,澄清湖,富邦悍將,台鋼雄鷹,4,3,3,024900,,,,,,01,N
175,2025,A,2025-06-21,洲際,富邦悍將,中信兄弟,4,5,3,030700,,,,,,01,N
176,2025,A,2025-06-21,洲際,富邦悍將,中信兄弟,4,5,3,030700,,,,,,01,N
177,2025,A,2025-06-21,洲際,富邦悍將,中信兄弟,4,5,3,030700,,,,,,01,N
178,2025,A,2025-06-22,洲際,富邦悍將,中信兄弟,0,10,3,031000,,,,,,01,N
179,2025,A,2025-06-22,洲際,富邦悍將,中信兄弟,0,10,3,031000,,,,,,01,N
180,2025,A,2025-06-22,洲際,富邦悍將,中信兄弟,0,10,3,031000,,,,,,01,N
181,2025,A,2025-07-04,樂天桃園,富邦悍將,樂天桃猿,4,5,3,023000,,,,,,01,N
182,2025,A,2025-07-04,樂天桃園,富邦悍將,樂天桃猿,4,5,3,023000,,,,,,01,N
183,2025,A,2025-07-04,樂天桃園,富邦悍將,樂天桃猿,4,5,3,023000,,,,,,01,N
184,2025,A,2025-07-05,澄清湖,中信兄弟,台鋼雄鷹,6,3,3,024900,,,,,,02,D
185,2025,A,2025-07-05,澄清湖,中信兄弟,台鋼雄鷹,6,3,3,024900,,,,,,02,D
186,2025,A,2025-07-05,澄清湖,中信兄弟,台鋼雄鷹,6,3,3,024900,,,,,,02,D
187,2025,A,2025-10-04,澄清湖,中信兄弟,台鋼雄鷹,4,1,3,024000,,,,,,01,N
190,2025,A,2025-07-08,洲際,統一7-ELEVEn獅,中信兄弟,8,2,3,025400,,,,,,01,N
191,2025,A,2025-07-08,洲際,統一7-ELEVEn獅,中信兄弟,8,2,3,025400,,,,,,01,N
192,2025,A,2025-09-29,洲際,統一7-ELEVEn獅,中信兄弟,6,4,3,033000,,,,,,01,N
193,2025,A,2025-09-29,洲際,統一7-ELEVEn獅,中信兄弟,6,4,3,033000,,,,,,01,N
194,2025,A,2025-10-02,嘉義市,樂天桃猿,台鋼雄鷹,3,2,3,025000,,,,,,01,N
195,2025,A,2025-10-01,澄清湖,樂天桃猿,台鋼雄鷹,0,3,3,022000,,,,,,02,N
196,2025,A,2025-10-02,嘉義市,樂天桃猿,台鋼雄鷹,3,2,3,025000,,,,,,01,N
197,2025,A,2025-10-03,嘉義市,樂天桃猿,統一7-ELEVEn獅,7,3,3,030300,,,,,,01,N
199,2025,A,2025-07-12,澄清湖,樂天桃猿,統一7-ELEVEn獅,4,11,3,032200,,,,,,01,D
200,2025,A,2025-07-12,澄清湖,樂天桃猿,統一7-ELEVEn獅,4,11,3,032200,,,,,,01,D
201,2025,A,2025-07-12,澄清湖,樂天桃猿,統一7-ELEVEn獅,4,11,3,032200,,,,,,01,D
202,2025,A,2025-07-13,澄清湖,樂天桃猿,統一7-ELEVEn獅,4,0,3,024400,,,,,,01,D
203,2025,A,2025-07-13,澄清湖,樂天桃猿,統一7-ELEVEn獅,4,0,3,024400,,,,,,01,D
204,2025,A,2025-07-13,澄清湖,樂天桃猿,統一7-ELEVEn獅,4,0,3,024400,,,,,,01,D
205,2025,A,2025-07-15,斗六,台鋼雄鷹,味全龍,4,12,3,034000,,,,,,01,N
206,2025,A,2025-07-15,斗六,台鋼雄鷹,味全龍,4,12,3,034000,,,,,,01,N
207,2025,A,2025-07-16,斗六,台鋼雄鷹,味全龍,9,3,3,033500,,,,,,01,N
208,2025,A,2025-07-16,斗六,台鋼雄鷹,味全龍,9,3,3,033500,,,,,,01,N
209,2025,A,2025-07-16,斗六,台鋼雄鷹,味全龍,9,3,3,033500,,,,,,01,N
210,2025,A,2025-07-17,新莊,富邦悍將,統一7-ELEVEn獅,4,1,3,025400,,,,,,01,N
211,2025,A,2025-07-22,大巨蛋,樂天桃猿,味全龍,4,3,3,032200,,,,,,03,N
212,2025,A,2025-07-22,大巨蛋,樂天桃猿,味全龍,4,3,3,032200,,,,,,03,N
213,2025,A,2025-07-23,大巨蛋,樂天桃猿,味全龍,0,2,3,023900,,,,,,01,N
214,2025,A,2025-07-23,大巨蛋,樂天桃猿,味全龍,0,2,3,023900,,,,,,01,N
215,2025,A,2025-07-23,大巨蛋,樂天桃猿,味全龍,0,2,3,023900,,,,,,01,N
216,2025,A,2025-10-01,澄清湖,樂天桃猿,台鋼雄鷹,0,3,3,022000,,,,,,02,N
217,2025,A,2025-10-03,嘉義市,樂天桃猿,統一7-ELEVEn獅,7,3,3,030300,,,,,,01,N
218,2025,A,2025-09-29,洲際,統一7-ELEVEn獅,中信兄弟,6,4,3,033000,,,,,,01,N
220,2025,A,2025-07-26,大巨蛋,中信兄弟,統一7-ELEVEn獅,5,3,3,033300,,,,,,01,D
221,2025,A,2025-07-26,大巨蛋,中信兄弟,統一7-ELEVEn獅,5,3,3,033300,,,,,,01,D
222,2025,A,2025-07-26,大巨蛋,中信兄弟,統一7-ELEVEn獅,5,3,3,033300,,,,,,01,D
223,2025,A,2025-07-27,大巨蛋,中信兄弟,統一7-ELEVEn獅,5,3,3,023400,,,,,,01,D
224,2025,A,2025-07-27,大巨蛋,中信兄弟,統一7-ELEVEn獅,5,3,3,023400,,,,,,01,D
225,2025,A,2025-07-27,大巨蛋,中信兄弟,統一7-ELEVEn獅,5,3,3,023400,,,,,,01,D
226,2025,A,2025-07-29,洲際,台鋼雄鷹,中信兄弟,15,11,3,040000,,,,,,02,N
227,2025,A,2025-07-29,洲際,台鋼雄鷹,中信兄弟,15,11,3,040000,,,,,,02,N
228,2025,A,2025-07-30,洲際,台鋼雄鷹,中信兄弟,2,11,3,023100,,,,,,03,N
229,2025,A,2025-07-30,洲際,台鋼雄鷹,中信兄弟,2,11,3,023100,,,,,,03,N
230,2025,A,2025-07-30,洲際,台鋼雄鷹,中信兄弟,2,11,3,023100,,,,,,03,N
231,2025,A,2025-07-31,澄清湖,味全龍,統一7-ELEVEn獅,1,2,3,024200,,,,,,03,N
232,2025,A,2025-08-01,大巨蛋,樂天桃猿,中信兄弟,5,7,3,031000,,,,,,03,N
233,2025,A,2025-08-01,大巨蛋,樂天桃猿,中信兄弟,5,7,3,031000,,,,,,03,N
234,2025,A,2025-09-17,新莊,統一7-ELEVEn獅,富邦悍將,8,2,3,024000,,,,,,01,N
235,2025,A,2025-08-02,澄清湖,味全龍,台鋼雄鷹,1,5,3,014700,,,,,,03,D
236,2025,A,2025-08-02,澄清湖,味全龍,台鋼雄鷹,1,5,3,014700,,,,,,03,D
237,2025,A,2025-08-02,澄清湖,味全龍,台鋼雄鷹,1,5,3,014700,,,,,,03,D
238,2025,A,2025-08-03,大巨蛋,樂天桃猿,中信兄弟,3,5,3,024100,,,,,,01,D
239,2025,A,2025-10-05,澄清湖,味全龍,台鋼雄鷹,3,4,3,025900,,,,,,01,N
240,2025,A,2025-08-03,大巨蛋,樂天桃猿,中信兄弟,3,5,3,024100,,,,,,01,D
241,2025,A,2025-08-05,樂天桃園,統一7-ELEVEn獅,樂天桃猿,2,3,3,025300,,,,,,02,N
242,2025,A,2025-08-05,樂天桃園,統一7-ELEVEn獅,樂天桃猿,2,3,3,025300,,,,,,02,N
243,2025,A,2025-08-05,樂天桃園,統一7-ELEVEn獅,樂天桃猿,2,3,3,025300,,,,,,02,N
244,2025,A,2025-08-06,樂天桃園,統一7-ELEVEn獅,樂天桃猿,2,4,3,032400,,,,,,01,N
245,2025,A,2025-08-06,樂天桃園,統一7-ELEVEn獅,樂天桃猿,2,4,3,032400,,,,,,01,N
246,2025,A,2025-08-06,樂天桃園,統一7-ELEVEn獅,樂天桃猿,2,4,3,032400,,,,,,01,N
247,2025,A,2025-08-08,大巨蛋,味全龍,樂天桃猿,3,4,3,022800,,,,,,01,N
248,2025,A,2025-08-08,大巨蛋,味全龍,樂天桃猿,3,4,3,022800,,,,,,01,N
249,2025,A,2025-08-08,大巨蛋,味全龍,樂天桃猿,3,4,3,022800,,,,,,01,N
250,2025,A,2025-08-09,澄清湖,台鋼雄鷹,統一7-ELEVEn獅,8,0,3,022800,,,,,,01,D
251,2025,A,2025-08-09,澄清湖,台鋼雄鷹,統一7-ELEVEn獅,8,0,3,022800,,,,,,01,D
252,2025,A,2025-08-09,澄清湖,台鋼雄鷹,統一7-ELEVEn獅,8,0,3,022800,,,,,,01,D
253,2025,A,2025-08-10,澄清湖,台鋼雄鷹,統一7-ELEVEn獅,7,10,3,034300,,,,,,01,D
254,2025,A,2025-08-10,澄清湖,台鋼雄鷹,統一7-ELEVEn獅,7,10,3,034300,,,,,,01,D
255,2025,A,2025-08-10,澄清湖,台鋼雄鷹,統一7-ELEVEn獅,7,10,3,034300,,,,,,01,D
256,2025,A,2025-08-12,新莊,統一7-ELEVEn獅,富邦悍將,12,4,3,031000,,,,,,01,N
257,2025,A,2025-08-12,新莊,統一7-ELEVEn獅,富邦悍將,12,4,3,031000,,,,,,01,N
258,2025,A,2025-08-13,新莊,統一7-ELEVEn獅,富邦悍將,5,1,3,025400,,,,,,02,N
259,2025,A,2025-08-13,新莊,統一7-ELEVEn獅,富邦悍將,5,1,3,025400,,,,,,02,N
260,2025,A,2025-08-13,新莊,統一7-ELEVEn獅,富邦悍將,5,1,3,025400,,,,,,02,N
261,2025,A,2025-08-14,洲際,味全龍,中信兄弟,0,2,3,024400,,,,,,01,N
262,2025,A,2025-08-15,大巨蛋,中信兄弟,富邦悍將,2,1,3,024000,,,,,,01,N
263,2025,A,2025-08-15,大巨蛋,中信兄弟,富邦悍將,2,1,3,024000,,,,,,01,N
264,2025,A,2025-08-15,大巨蛋,中信兄弟,富邦悍將,2,1,3,024000,,,,,,01,N
265,2025,A,2025-08-16,澄清湖,統一7-ELEVEn獅,台鋼雄鷹,2,5,3,022800,,,,,,01,D
266,2025,A,2025-08-16,澄清湖,統一7-ELEVEn獅,台鋼雄鷹,2,5,3,022800,,,,,,01,D
267,2025,A,2025-08-16,澄清湖,統一7-ELEVEn獅,台鋼雄鷹,2,5,3,022800,,,,,,01,D
268,2025,A,2025-08-17,澄清湖,統一7-ELEVEn獅,台鋼雄鷹,1,11,3,030900,,,,,,03,D
269,2025,A,2025-08-17,澄清湖,統一7-ELEVEn獅,台鋼雄鷹,1,11,3,030900,,,,,,03,D
270,2025,A,2025-08-17,澄清湖,統一7-ELEVEn獅,台鋼雄鷹,1,11,3,030900,,,,,,03,D
271,2025,A,2025-08-19,樂天桃園,富邦悍將,樂天桃猿,1,2,3,032200,,,,,,01,N
272,2025,A,2025-08-19,樂天桃園,富邦悍將,樂天桃猿,1,2,3,032200,,,,,,01,N
273,2025,A,2025-08-19,樂天桃園,富邦悍將,樂天桃猿,1,2,3,032200,,,,,,01,N
274,2025,A,2025-08-20,樂天桃園,富邦悍將,樂天桃猿,9,1,3,030500,,,,,,01,N
275,2025,A,2025-08-20,樂天桃園,富邦悍將,樂天桃猿,9,1,3,030500,,,,,,01,N
276,2025,A,2025-08-20,樂天桃園,富邦悍將,樂天桃猿,9,1,3,030500,,,,,,01,N
277,2025,A,2025-08-22,樂天桃園,統一7-ELEVEn獅,樂天桃猿,0,9,3,025100,,,,,,01,N
278,2025,A,2025-08-22,樂天桃園,統一7-ELEVEn獅,樂天桃猿,0,9,3,025100,,,,,,01,N
279,2025,A,2025-08-22,樂天桃園,統一7-ELEVEn獅,樂天桃猿,0,9,3,025100,,,,,,01,N
280,2025,A,2025-08-23,樂天桃園,統一7-ELEVEn獅,樂天桃猿,3,8,3,032000,,,,,,01,N
281,2025,A,2025-08-23,樂天桃園,統一7-ELEVEn獅,樂天桃猿,3,8,3,032000,,,,,,01,N
282,2025,A,2025-08-23,樂天桃園,統一7-ELEVEn獅,樂天桃猿,3,8,3,032000,,,,,,01,N
283,2025,A,2025-08-24,大巨蛋,台鋼雄鷹,中信兄弟,8,4,3,031200,,,,,,01,D
284,2025,A,2025-08-24,大巨蛋,台鋼雄鷹,中信兄弟,8,4,3,031200,,,,,,01,D
285,2025,A,2025-08-24,大巨蛋,台鋼雄鷹,中信兄弟,8,4,3,031200,,,,,,01,D
286,2025,A,2025-08-26,天母,統一7-ELEVEn獅,味全龍,1,2,3,023600,,,,,,01,N
287,2025,A,2025-08-26,天母,統一7-ELEVEn獅,味全龍,1,2,3,023600,,,,,,01,N
288,2025,A,2025-08-27,天母,統一7-ELEVEn獅,味全龍,5,2,3,031800,,,,,,01,N
289,2025,A,2025-08-27,天母,統一7-ELEVEn獅,味全龍,5,2,3,031800,,,,,,01,N
290,2025,A,2025-08-27,天母,統一7-ELEVEn獅,味全龍,5,2,3,031800,,,,,,01,N
291,2025,A,2025-08-28,大巨蛋,樂天桃猿,中信兄弟,6,8,3,030000,,,,,,01,N
292,2025,A,2025-08-29,大巨蛋,中信兄弟,味全龍,3,9,3,025700,,,,,,01,N
293,2025,A,2025-08-29,大巨蛋,中信兄弟,味全龍,3,9,3,025700,,,,,,01,N
294,2025,A,2025-08-29,大巨蛋,中信兄弟,味全龍,3,9,3,025700,,,,,,01,N
295,2025,A,2025-08-30,澄清湖,樂天桃猿,台鋼雄鷹,4,3,3,025600,,,,,,01,D
296,2025,A,2025-08-30,澄清湖,樂天桃猿,台鋼雄鷹,4,3,3,025600,,,,,,01,D
297,2025,A,2025-08-30,澄清湖,樂天桃猿,台鋼雄鷹,4,3,3,025600,,,,,,01,D
298,2025,A,2025-08-31,大巨蛋,中信兄弟,味全龍,10,7,3,033200,,,,,,01,D
299,2025,A,2025-08-31,大巨蛋,中信兄弟,味全龍,10,7,3,033200,,,,,,01,D
300,2025,A,2025-08-31,大巨蛋,中信兄弟,味全龍,10,7,3,033200,,,,,,01,D
301,2025,A,2025-09-02,洲際,富邦悍將,中信兄弟,0,2,3,025700,,,,,,01,N
302,2025,A,2025-09-02,洲際,富邦悍將,中信兄弟,0,2,3,025700,,,,,,01,N
303,2025,A,2025-09-03,洲際,富邦悍將,中信兄弟,2,1,3,024000,,,,,,01,N
304,2025,A,2025-09-03,洲際,富邦悍將,中信兄弟,2,1,3,024000,,,,,,01,N
305,2025,A,2025-09-03,洲際,富邦悍將,中信兄弟,2,1,3,024000,,,,,,01,N
306,2025,A,2025-09-04,澄清湖,台鋼雄鷹,統一7-ELEVEn獅,3,5,3,030700,,,,,,02,N
307,2025,A,2025-09-05,洲際,統一7-ELEVEn獅,中信兄弟,1,2,3,024300,,,,,,01,N
308,2025,A,2025-09-05,洲際,統一7-ELEVEn獅,中信兄弟,1,2,3,024300,,,,,,01,N
309,2025,A,2025-09-05,洲際,統一7-ELEVEn獅,中信兄弟,1,2,3,024300,,,,,,01,N
310,2025,A,2025-09-06,洲際,統一7-ELEVEn獅,中信兄弟,7,1,3,024200,,,,,,01,N
311,2025,A,2025-09-06,洲際,統一7-ELEVEn獅,中信兄弟,7,1,3,024200,,,,,,01,N
312,2025,A,2025-09-06,洲際,統一7-ELEVEn獅,中信兄弟,7,1,3,024200,,,,,,01,N
313,2025,A,2025-09-07,大巨蛋,台鋼雄鷹,味全龍,1,11,3,025700,,,,,,02,D
314,2025,A,2025-10-05,澄清湖,味全龍,台鋼雄鷹,3,4,3,025900,,,,,,01,N
315,2025,A,2025-10-04,澄清湖,中信兄弟,台鋼雄鷹,4,1,3,024000,,,,,,01,N
316,2025,A,2025-09-09,澄清湖,中信兄弟,台鋼雄鷹,2,3,3,024600,,,,,,01,N
317,2025,A,2025-09-09,澄清湖,中信兄弟,台鋼雄鷹,2,3,3,024600,,,,,,01,N
318,2025,A,2025-09-10,澄清湖,中信兄弟,台鋼雄鷹,4,3,3,034400,,,,,,02,N
319,2025,A,2025-09-10,澄清湖,中信兄弟,台鋼雄鷹,4,3,3,034400,,,,,,02,N
320,2025,A,2025-09-10,澄清湖,中信兄弟,台鋼雄鷹,4,3,3,034400,,,,,,02,N
321,2025,A,2025-09-11,天母,富邦悍將,味全龍,9,5,3,033500,,,,,,01,N
322,2025,A,2025-09-12,澄清湖,富邦悍將,台鋼雄鷹,4,3,3,030200,,,,,,02,N
323,2025,A,2025-09-12,澄清湖,富邦悍將,台鋼雄鷹,4,3,3,030200,,,,,,02,N
324,2025,A,2025-09-12,澄清湖,富邦悍將,台鋼雄鷹,4,3,3,030200,,,,,,02,N
325,2025,A,2025-09-13,澄清湖,富邦悍將,台鋼雄鷹,8,2,3,025900,,,,,,01,D
326,2025,A,2025-09-13,澄清湖,富邦悍將,台鋼雄鷹,8,2,3,025900,,,,,,01,D
327,2025,A,2025-09-13,澄清湖,富邦悍將,台鋼雄鷹,8,2,3,025900,,,,,,01,D
328,2025,A,2025-09-14,大巨蛋,中信兄弟,樂天桃猿,2,3,3,024100,,,,,,01,D
329,2025,A,2025-09-14,大巨蛋,中信兄弟,樂天桃猿,2,3,3,024100,,,,,,01,D
330,2025,A,2025-09-14,大巨蛋,中信兄弟,樂天桃猿,2,3,3,024100,,,,,,01,D
331,2025,A,2025-09-16,樂天桃園,味全龍,樂天桃猿,4,7,3,025100,,,,,,01,N
332,2025,A,2025-09-16,樂天桃園,味全龍,樂天桃猿,4,7,3,025100,,,,,,01,N
333,2025,A,2025-09-16,樂天桃園,味全龍,樂天桃猿,4,7,3,025100,,,,,,01,N
334,2025,A,2025-09-18,天母,台鋼雄鷹,味全龍,11,3,3,030800,,,,,,02,N
335,2025,A,2025-09-18,天母,台鋼雄鷹,味全龍,11,3,3,030800,,,,,,02,N
336,2025,A,2025-09-18,天母,台鋼雄鷹,味全龍,11,3,3,030800,,,,,,02,N
337,2025,A,2025-09-19,天母,台鋼雄鷹,味全龍,3,6,3,025800,,,,,,02,N
338,2025,A,2025-09-19,天母,台鋼雄鷹,味全龍,3,6,3,025800,,,,,,02,N
339,2025,A,2025-09-19,天母,台鋼雄鷹,味全龍,3,6,3,025800,,,,,,02,N
340,2025,A,2025-09-20,澄清湖,樂天桃猿,統一7-ELEVEn獅,1,2,3,025800,,,,,,03,D
341,2025,A,2025-09-20,澄清湖,樂天桃猿,統一7-ELEVEn獅,1,2,3,025800,,,,,,03,D
342,2025,A,2025-09-20,澄清湖,樂天桃猿,統一7-ELEVEn獅,1,2,3,025800,,,,,,03,D
343,2025,A,2025-10-06,澄清湖,樂天桃猿,統一7-ELEVEn獅,5,4,3,031400,,,,,,01,N
346,2025,A,2025-09-23,天母,樂天桃猿,味全龍,8,3,3,030400,,,,,,03,N
347,2025,A,2025-10-02,嘉義市,樂天桃猿,台鋼雄鷹,3,2,3,025000,,,,,,01,N
348,2025,A,2025-10-03,嘉義市,樂天桃猿,統一7-ELEVEn獅,7,3,3,030300,,,,,,01,N
349,2025,A,2025-09-25,新莊,中信兄弟,富邦悍將,7,6,3,034700,,,,,,01,N
350,2025,A,2025-09-25,新莊,中信兄弟,富邦悍將,7,6,3,034700,,,,,,01,N
351,2025,A,2025-09-25,新莊,中信兄弟,富邦悍將,7,6,3,034700,,,,,,01,N
352,2025,A,2025-09-26,新莊,中信兄弟,富邦悍將,9,2,3,030600,,,,,,01,N
353,2025,A,2025-09-26,新莊,中信兄弟,富邦悍將,9,2,3,030600,,,,,,01,N
354,2025,A,2025-09-26,新莊,中信兄弟,富邦悍將,9,2,3,030600,,,,,,01,N
355,2025,A,2025-09-27,大巨蛋,統一7-ELEVEn獅,台鋼雄鷹,1,0,3,031100,,,,,,01,D
356,2025,A,2025-09-27,大巨蛋,統一7-ELEVEn獅,台鋼雄鷹,1,0,3,031100,,,,,,01,D
357,2025,A,2025-09-27,大巨蛋,統一7-ELEVEn獅,台鋼雄鷹,1,0,3,031100,,,,,,01,D
358,2025,A,2025-09-28,大巨蛋,統一7-ELEVEn獅,台鋼雄鷹,3,8,3,031400,,,,,,01,D
359,2025,A,2025-09-28,大巨蛋,統一7-ELEVEn獅,台鋼雄鷹,3,8,3,031400,,,,,,01,D
360,2025,A,2025-09-28,大巨蛋,統一7-ELEVEn獅,台鋼雄鷹,3,8,3,031400,,,,,,01,D
